cyclic_status,not_retained,retained,total,retention_rate
acyclic,13934,431,14365,0.030003480682213715
cyclic,14576,1749,16325,0.10713629402756508
